{
    "type": "InteractiveHtmlBom settings",
    "version": 1,
    "pcbmetadata": {
        "title": "RP2040 Minimal Design Example",
        "revision": "REV2",
        "company": "Raspberry Pi Ltd",
        "date": "2024-01-16"
    },
    "settings": {
        "canvaslayout": "FB",
        "bomlayout": "left-right",
        "bommode": "grouped",
        "checkboxes": [
            "Listed",
            "Purchased",
            "Found",
            "Placed"
        ],
        "checkboxStoredRefs": {
            "Sourced": "",
            "Placed": "",
            "L": "",
            "Li": "",
            "Lis": "",
            "List": "",
            "Liste": "",
            "Listed": "6,23,15,11,17,12,5,13,24,18,28,41,16,0,27,31,35,4,3,33,38,10,47,14,21,42,36,34,49,40,43,7,32,50,51,48,8,9,19,37,25,20,22,26,30,29,44,1,2,46,39,45",
            "P": "",
            "Pu": "",
            "Pur": "",
            "Purc": "",
            "Purch": "",
            "Purcha": "",
            "Purchas": "",
            "Purchase": "",
            "Purchased": "",
            "F": "",
            "Fo": "",
            "Fou": "",
            "Foun": "",
            "Found": "",
            "Pl": "",
            "Pla": "",
            "Plac": "",
            "Place": ""
        },
        "darkMode": false,
        "highlightpin1": "none",
        "redrawOnDrag": true,
        "boardRotation": 0,
        "offsetBackRotation": false,
        "renderPads": true,
        "renderReferences": true,
        "renderValues": true,
        "renderSilkscreen": true,
        "renderFabrication": false,
        "renderDnpOutline": false,
        "renderTracks": false,
        "renderZones": false,
        "columnOrder": [
            "checkboxes",
            "References",
            "Value",
            "Footprint",
            "Quantity"
        ],
        "hiddenColumns": [],
        "netColors": {},
        "markWhenChecked": "",
        "highlightRowOnClick": false
    }
}